分词,词频
速度,9
硬盘,6
产品,6
致态,5
固态,5
游戏,5
值得,5
性能,4
散热,4
扎实,4
信赖,4
稳定,4
表现,4
无论是,3
存储,3
数据,3
拷贝,3
读写,3
稳定性,3
兼容性,3
高性能,3
完全,3
做工,3
国货,3
推荐,3
文件,3
质量,3
使用,3
冲刺,2
加载,2
设计,2
贴心,2
长时间,2
配合,2
马甲,2
轻松,2
装机,2
质保,2
重要,2
安心,2
实测,2
几乎,2
长期,2
极佳,2
健康,2
原厂,2
颗粒,2
可靠性,2
达到,2
同价位,2
突出,2
之光,2
现在,2
超值,2
商品,2
方便,2
起来,2
效果,2
明显,2
购买,2
实际,2
体验,2
实力派,2
需要,2
频繁,2
保障,2
包装,2
整体,2
支持,2
情怀,2
经过,2
重度,2
丝毫,2
开机,2
一次,2
技术,2
惊艳,1
协议,1
带来,1
读取,1
系统,1
载入,1
快如闪电,1
合金,1
贴片,1
负载,1
保持稳定,1
可拆卸,1
应对,1
各种,1
环境,1
大容量,1
五年,1
系统盘,1
视频文件,1
组建,1
存放,1
家庭,1
照片,1
视频,1